1996 Item,Higher Confidence Source,Final Confidence Level,Final Predicted HS Code
"(5-2-chloro-4-(trifluoromethyl)phenoxy-n-(methylsulfonyl)-2-nitrobenzamide)(fomesafen), n-(2,6-dichloro-3-methylphenyl)-5-amino-1,3,4-triazole-2-sulfonamide, 2,4-dichloro-5-sulfamoylbenzoic acide, n-e",HF,0.8485501408576965,29359013
"1,3-Bis(aminoethyl)cyclohexane",HF,1.0,29213005
"1-Hydroxy-6-octadecyloxy-2-naphthalenecarboxylic acid, and 1-hydroxy-6-docosyloxy-2-naphthalenecarboxylic acid",HF,0.9915503263473512,29189906
"1/ 1-Ethyl-6-fluoro-1,4-dihydro-4-oxo-7-(1-piperazinyl)-3-quinolinecarboxylic",HF,0.7715380787849426,29334917
1/ 3-Aminopropanol (CAS No. 156-87-6),HF,0.6612285375595093,29242926
1/ 3-Ethylamino-p-cresol (provided for in,HF,0.6581494808197021,29222915
1/ 4-Methoxyaniline-2-sulfonic acid (provided,HF,0.7009438872337341,29145010
1/ 6-Amino-4-hydroxy-2-naphthalenesulfonic,HF,0.8536044359207153,29089906
1/ 8-Amino-2-naphthalenesulfonic acid,HF,0.8155696392059326,29089906
1/ Airfield lighting regulators; automatic,GPT,0.5113487839698792,90328920
1/ Aluminum fittings used solely or,GPT,0.7711048126220703,76090000
1/ Any mixture containing ethyl,GPT,0.6317033767700195,29012100
1/ Barbituric acid (provided for in,HF,0.7525389194488525,29335290
1/ Base paper to be sensitized for use in,GPT,0.7577257752418518,37021000
"1/ Cheeses and substitutes for cheeses, valued",HF,0.6656323671340942,99040642
1/ Closed-face spin casting fishing reels,GPT,0.5864534378051758,95073080
1/ Electronic keyboxes and parts thereof,GPT,0.5196977853775024,83017000
"1/ Film, of a thickness not exceeding 0.025 mm,",HF,0.6583672761917114,80070020
1/ Flexible closed-cell rubber tubing designed,GPT,0.6113665699958801,40081980
1/ If entered during the effective period of,GPT,0.4600906670093536,99040501
1/ If entered during the month of,HF,0.4406000375747681,8084040
1/ If entered during the period,GPT,0.5669451951980591,99130805
1/ If entered during the period,GPT,0.5669451951980591,99130805
1/ If entered during the period,GPT,0.5669451951980591,99130805
1/ If entered during the period,GPT,0.5669451951980591,99130805
1/ Impact line printers using band drive,GPT,0.4961904585361481,84431150
1/ Insulators for precipitators (provided for,GPT,0.589584231376648,85469000
"1/ Methylamine, whether or not in solution",GPT,0.6156253218650818,29215940
1/ Motorized stair climbing exercise,GPT,0.512814998626709,85437098
1/ Parts and accessories of the instruments,GPT,0.6840072870254517,90230000
1/ Parts of molten-salt-cooled acrylic acid,HF,0.7411856055259705,29161100
"1/ Pet food packaged for retail sale,",HF,0.7522029876708984,23091000
"1/ Polyvinyl chloride edgebanding, of a width",GPT,0.5426429510116577,44111220
1/ Pork hams and shoulders (except,GPT,0.8019765019416809,2101900
1/ Provided for in subheading 0404.10.15.... 1/ 38.5¬¢/kg + 3.2%,GPT,0.5982917547225952,99129543
1/ Provided for in subheading 1702.20.28.... 1/ 6.3¬¢/kg of total sugars + 1.9%,HF,0.664087176322937,99041739
1/ Provided for in subheading 1702.90.58.... 1/ 12.6¬¢/kg of total sugars + 1.9%,HF,0.6646751165390015,99041739
1/ Provided for in subheading 1806.20.73.... 1/ 11.4¬¢/kg + 3.2%,GPT,0.582788348197937,99129543
1/ Skating boots for use in the manufacture of,GPT,0.750110924243927,95067040
1/ Specified in U.S. note 24 to,HF,0.548937976360321,99130805
1/ Strip certified by the importer as,GPT,0.5219448804855347,74093990
1/ Subject to the quantitative,GPT,0.5262993574142456,99130455
1/ Subject to the quantitative,GPT,0.5262993574142456,99130455
1/ Subject to the quantitative,GPT,0.5262993574142456,99130455
1/ Subject to the quantitative,GPT,0.5262993574142456,99130455
1/ Subject to the quantitative,GPT,0.5262993574142456,99130455
1/ Subject to the quantitative,GPT,0.5262993574142456,99130455
1/ Subject to the quantitative,GPT,0.5262993574142456,99130455
1/ Subject to the quantitative,GPT,0.5262993574142456,99130455
1/ Subject to the quantitative,GPT,0.5262993574142456,99130455
1/ Subject to the quantitative,GPT,0.5262993574142456,99130455
1/ Subject to the quantitative,GPT,0.5262993574142456,99130455
1/ Subject to the quantitative,GPT,0.5262993574142456,99130455
1/ Subject to the quantitative,GPT,0.5262993574142456,99130455
1/ Subject to the quantitative,GPT,0.5262993574142456,99130455
1/ Subject to the quantitative,GPT,0.5262993574142456,99130455
1/ Subject to the quantitative,GPT,0.5262993574142456,99130455
1/ Subject to the quantitative,GPT,0.5262993574142456,99130455
1/ Subject to the quantitative,GPT,0.5262993574142456,99130455
1/ Subject to the quantitative,GPT,0.5262993574142456,99130455
1/ Subject to the quantitative,GPT,0.5262993574142456,99130455
1/ Subject to the quantitative,GPT,0.5262993574142456,99130455
1/ Subject to the quantitative,GPT,0.5262993574142456,99130455
1/ Subject to the quantitative,GPT,0.5262993574142456,99130455
1/ Subject to the quantitative,GPT,0.5262993574142456,99130455
1/ Subject to the quantitative,GPT,0.5262993574142456,99130455
1/ Subject to the quantitative,GPT,0.5262993574142456,99130455
1/ Subject to the quantitative,GPT,0.5262993574142456,99130455
1/ Subject to the quantitative,GPT,0.5262993574142456,99130455
1/ Subject to the quantitative,GPT,0.5262993574142456,99130455
1/ Subject to the quantitative,GPT,0.5262993574142456,99130455
1/ Subject to the quantitative,GPT,0.5262993574142456,99130455
1/ Subject to the quantitative,GPT,0.5262993574142456,99130455
1/ Subject to the quantitative,GPT,0.5262993574142456,99130455
1/ Subject to the quantitative,GPT,0.5262993574142456,99130455
1/ Subject to the quantitative,GPT,0.5262993574142456,99130455
1/ Subject to the quantitative,GPT,0.5262993574142456,99130455
1/ Subject to the quantitative,GPT,0.5262993574142456,99130455
1/ Subject to the quantitative,GPT,0.5262993574142456,99130455
1/ Subject to the quantitative,GPT,0.5262993574142456,99130455
1/ Subject to the quantitative,GPT,0.5262993574142456,99130455
1/ Subject to the quantitative,GPT,0.5262993574142456,99130455
1/ Subject to the quantitative,GPT,0.5262993574142456,99130455
1/ Subject to the quantitative,GPT,0.5262993574142456,99130455
1/ Subject to the quantitative,GPT,0.5262993574142456,99130455
1/ Subject to the quantitative,GPT,0.5262993574142456,99130455
1/ Subject to the quantitative,GPT,0.5262993574142456,99130455
1/ Subject to the quantitative,GPT,0.5262993574142456,99130455
1/ Subject to the quantitative,GPT,0.5262993574142456,99130455
1/ Subject to the quantitative,GPT,0.5262993574142456,99130455
1/ Subject to the quantitative,GPT,0.5262993574142456,99130455
1/ Subject to the quantitative,GPT,0.5262993574142456,99130455
1/ Subject to the quantitative,GPT,0.5262993574142456,99130455
1/ Subject to the quantitative,GPT,0.5262993574142456,99130455
1/ Subject to the quantitative,GPT,0.5262993574142456,99130455
1/ Subject to the quantitative,GPT,0.5262993574142456,99130455
1/ Subject to the quantitative,GPT,0.5262993574142456,99130455
1/ Subject to the quantitative,GPT,0.5262993574142456,99130455
1/ Subject to the quantitative,GPT,0.5262993574142456,99130455
1/ Subject to the quantitative,GPT,0.5262993574142456,99130455
1/ Subject to the quantitative,GPT,0.5262993574142456,99130455
1/ Subject to the quantitative,GPT,0.5262993574142456,99130455
1/ Subject to the quantitative,GPT,0.5262993574142456,99130455
1/ Subject to the quantitative,GPT,0.5262993574142456,99130455
1/ Subject to the quantitative,GPT,0.5262993574142456,99130455
1/ Subject to the quantitative,GPT,0.5262993574142456,99130455
1/ Subject to the quantitative,GPT,0.5262993574142456,99130455
1/ Subject to the quantitative,GPT,0.5262993574142456,99130455
1/ Subject to the quantitative,GPT,0.5262993574142456,99130455
1/ Subject to the quantitative,GPT,0.5262993574142456,99130455
1/ Subject to the quantitative,GPT,0.5262993574142456,99130455
1/ Subject to the quantitative,GPT,0.5262993574142456,99130455
1/ Subject to the quantitative,GPT,0.5262993574142456,99130455
1/ Subject to the quantitative,GPT,0.5262993574142456,99130455
1/ Subject to the quantitative,GPT,0.5262993574142456,99130455
1/ Subject to the quantitative,GPT,0.5262993574142456,99130455
1/ Subject to the quantitative,GPT,0.5262993574142456,99130455
1/ Subject to the quantitative,GPT,0.5262993574142456,99130455
1/ Subject to the quantitative,GPT,0.5262993574142456,99130455
1/ Subject to the quantitative,GPT,0.5262993574142456,99130455
1/ Subject to the quantitative,GPT,0.5262993574142456,99130455
1/ Subject to the quantitative,GPT,0.5262993574142456,99130455
1/ Subject to the quantitative limits,GPT,0.5968844890594482,99130455
"1/ Television picture tubes, color, having a video",GPT,0.7881034612655641,85401150
"1/ Toilet paper, of cellulose webbing or webs of",HF,0.6626802086830139,48183000
"1/ Track suit shirts, of cotton (provided for",HF,0.7569952607154846,61121100
"1/ Tubes, pipes and hollow profiles of",HF,0.7483118176460266,73030000
"1/ Tubes, pipes and hollow profiles of",HF,0.7483118176460266,73030000
"1/ Tubes, pipes and hollow profiles of",HF,0.7483118176460266,73030000
"1/ Tubes, pipes and hollow profiles of",HF,0.7483118176460266,73030000
1/ Valued $1.10/kg or more,GPT,0.618951678276062,35030040
1/ Valued $1.10/kg or more,GPT,0.618951678276062,35030040
1/ Valued $1.10/kg or more,GPT,0.618951678276062,35030040
1/ Valued $1.10/kg or more,GPT,0.618951678276062,35030040
1/ Valued $1.10/kg or more,GPT,0.618951678276062,35030040
1/ Valued $1.10/kg or more,GPT,0.618951678276062,35030040
1/ Valued $1.10/kg or more,GPT,0.618951678276062,35030040
1/ Valued $1.10/kg or more,GPT,0.618951678276062,35030040
1/ Valued $1.10/kg or more,GPT,0.618951678276062,35030040
1/ Valued $1.20/kg or more,GPT,0.5929905772209167,35030040
1/ Valued $1.30/kg or more,GPT,0.5888768434524536,35030040
1/ Valued $1.40/kg or more,GPT,0.5991778373718262,35030040
1/ Valued $1.50/kg or more,GPT,0.585345983505249,35030040
1/ Valued $1.55/kg or more,GPT,0.6195353269577026,35030040
1/ Valued $1.80/kg or more,GPT,0.6044042110443115,35030040
1/ Valued $1/liter or more,GPT,0.6170589923858643,22086010
1/ Valued $2.05/kg or more,GPT,0.588894248008728,35030040
1/ Valued $2.40/kg or more,GPT,0.6022430062294006,35030040
1/ Valued $2.65/kg or more,GPT,0.5972079038619995,35030040
1/ Valued $3.20/kg or more,GPT,0.6001980900764465,99040447
1/ Valued $4.20/kg or more,GPT,0.5980377197265625,35030040
1/ Valued 10¬¢/kg or more,GPT,0.5965511202812195,99129582
1/ Valued 15¬¢/kg or more,GPT,0.6330142021179199,99129542
1/ Valued 15¬¢/kg or more,GPT,0.6330142021179199,99129542
1/ Valued 15¬¢/kg or more,GPT,0.6330142021179199,99129542
1/ Valued 15¬¢/kg or more,GPT,0.6330142021179199,99129542
1/ Valued 15¬¢/kg or more,GPT,0.6330142021179199,99129542
1/ Valued 15¬¢/kg or more,GPT,0.6330142021179199,99129542
1/ Valued 15¬¢/kg or more,GPT,0.6330142021179199,99129542
1/ Valued 15¬¢/kg or more,GPT,0.6330142021179199,99129542
1/ Valued 15¬¢/kg or more,GPT,0.6330142021179199,99129542
1/ Valued 25¬¢/kg or more,GPT,0.641492486000061,35030040
1/ Valued 30¬¢/kg or more,GPT,0.5997478365898132,99129542
1/ Valued 30¬¢/kg or more,GPT,0.5997478365898132,99129542
1/ Valued 30¬¢/kg or more,GPT,0.5997478365898132,99129542
1/ Valued 30¬¢/kg or more,GPT,0.5997478365898132,99129542
1/ Valued 35¬¢/kg or more but,GPT,0.6195838451385498,99129543
1/ Valued 40¬¢/kg or more,GPT,0.6595449447631836,35030040
1/ Valued 40¬¢/kg or more,GPT,0.6595449447631836,35030040
1/ Valued 40¬¢/kg or more,GPT,0.6595449447631836,35030040
1/ Valued 40¬¢/kg or more,GPT,0.6595449447631836,35030040
1/ Valued 40¬¢/liter or more,GPT,0.6006394624710083,99040406
1/ Valued 50¬¢/kg or more,GPT,0.629863977432251,35030040
1/ Valued 50¬¢/kg or more,GPT,0.629863977432251,35030040
1/ Valued 50¬¢/kg or more,GPT,0.629863977432251,35030040
1/ Valued 50¬¢/kg or more,GPT,0.629863977432251,35030040
1/ Valued 55¬¢/kg or more,GPT,0.6398879885673523,35030040
1/ Valued 70¬¢/kg or more,GPT,0.6432998180389404,35030040
1/ Valued 75¬¢/kg or more.................... 1/ No additional duty,GPT,0.5605650544166565,99129544
1/ Valued 90¬¢/kg or more,GPT,0.5991373062133789,99129544
1/ Valued 90¬¢/kg or more,GPT,0.5991373062133789,99129544
1/ Valued 90¬¢/kg or more,GPT,0.5991373062133789,99129544
1/ Valued 90¬¢/kg or more,GPT,0.5991373062133789,99129544
1/ Valued 90¬¢/kg or more,GPT,0.5991373062133789,99129544
1/ Valued 90¬¢/kg or more,GPT,0.5991373062133789,99129544
1/ Valued 90¬¢/kg or more,GPT,0.5991373062133789,99129544
1/ Valued 90¬¢/kg or more,GPT,0.5991373062133789,99129544
1/ Valued 90¬¢/kg or more,GPT,0.5991373062133789,99129544
1/ Valued 95¬¢/kg or more,GPT,0.6044282913208008,35030040
1/ Valued less than $1.20/kg................ 1/ $3.159/kg,HF,0.5822010636329651,99041208
1/ Valued less than 10¬¢/kg............. 1/ 36.6¬¢/kg,GPT,0.5939993858337402,99129543
1/ Valued not over $1.22/kg....... 1/ 67.8¬¢/kg (MX),GPT,0.6029665470123291,99129543
1/ Valued not over $1.27/kg....... 1/ 74.1¬¢/kg (MX),GPT,0.6002029776573181,99129543
1/ Valued not over $1.27/kg....... 1/ 83.5¬¢/kg (MX),GPT,0.6004912853240967,99129543
1/ Valued not over $1.72/kg....... 1/ 84¬¢/kg (MX),GPT,0.5953998565673828,99129543
1/ Valued not over $1.76/kg....... 1/ 85.8¬¢/kg (MX),HF,0.5896775722503662,99129543
1/ Valued not over 28.3¬¢/kg....... 1/ 23.9¬¢/kg (MX),GPT,0.6337664723396301,99129544
1/ Valued not over 28.3¬¢/kg....... 1/ 23.9¬¢/kg (MX),GPT,0.6337664723396301,99129544
1/ Valued not over 28.3¬¢/kg....... 1/ 23.9¬¢/kg (MX),GPT,0.6337664723396301,99129544
1/ Valued not over 28.3¬¢/kg....... 1/ 23.9¬¢/kg (MX),GPT,0.6337664723396301,99129544
1/ Valued not over 31.5¬¢/kg.. 1/ 26.5¬¢/kg (MX),GPT,0.6199274063110352,99129543
1/ Valued not over 42.1¬¢/kg....... 1/ 27.8¬¢/kg (MX),GPT,0.6295382976531982,99129534
1/ Valued not over 43.75¬¢/kg...... 1/ 29.7¬¢/kg (MX),GPT,0.6353079080581665,99129543
1/ Valued not over 47.7¬¢/kg....... 1/ 30.5¬¢/kg (MX),GPT,0.6287401914596558,99129543
1/ Valued not over 51.2¬¢/kg....... 1/ 33¬¢/kg (MX),GPT,0.6139176487922668,99129543
1/ Valued not over 74.8¬¢/kg....... 1/ 49.2¬¢/kg (MX),GPT,0.6099645495414734,99129544
12-Aminododecanoic acid lactam,HF,1.0,29337940
"1u(s*),3u(Z)-(o)-cyano(3-phenoxypheyl)methyl 3-(2-chloro-3,3,3-trifluoro-1-propenyl)-2,2-dimethylcyclopropanecarboxylate",HF,0.6921637654304504,29081905
"2,2'-Dithiobisbenzothiazole",HF,1.000000238418579,29342010
2-(Trifluoromethyl)phenothiazine,HF,1.0000001192092896,29343012
"2-Methyl-4-isothiazoline-3-one, morpholinoethyl chloride hydrochloride, 2-methyl-2,5-dioxo-1-oxa-2-phospholan, (6r-trans)-7-amino-3-methyl-8-oxo-5-thia-1-azabicyclo 4,2,o -oct-2-ene-2-carboxylic acid",GPT,0.7637106776237488,29349970
"3,5-Dibromo-4-hydroxybenzonitrile (Bromoxynil)",HF,1.000000238418579,29269023
"3,5-Dinitro-o-toluamide",HF,1.0000001192092896,29242903
"3- or 4-thread twill, incl. cross twill, less than 85% polyester staple fibers mixed mainly or solely with cotton, over 170 g/m2, dyed",HF,0.9065415859222412,55142200
4-Chlorobenzoic acid,HF,1.0000001192092896,29163916
5-Benzoyl-4-hydroxy-2-methoxy-benzenesulfonic acid,HF,1.0000001192092896,29145010
"6-Bromo-5-methyl-1h-imidazo-4,5-b pyridine, 2-sec-butyl-4-tert-butyl-6-(benzotriazol-2-yl)phenol, 2-tert-butyl",HF,0.9544954895973206,29339912
Accounting machines,HF,0.6855663657188416,84709001
Acetates of polyhydric alcohols or of polyhydric alcohol ethers,HF,1.0,29153947
Acid violet 19,HF,1.0,32041213
Aggregate value over $200,GPT,0.4927496612071991,99038149
"Air conditioning machines incorporating a refrigerating unit, nesi",HF,0.9432801008224488,84158201
"Air or gas pumps, compressors and fans, nesi",HF,0.9465557336807252,84148090
Airbags,HF,0.6304670572280884,87089520
"Almonds, shelled, fresh or dried",HF,0.9890426993370056,8021200
"Aluminum foil of a thickness exceeding 0.01 mm but not exceeding 0.15 mm, rolled but not further worked, not backed",HF,0.8859802484512329,76071160
Aluminum powders of lamellar structure; aluminum flakes,HF,0.984425961971283,76032000
"Aminohydroxynaphthalene sulfonic acids and their salts, nesi",HF,0.954394280910492,29222150
"Ammonium nitrate, whether or not in aqueous solution",HF,1.000000238418579,31023000
Aniline salts,HF,0.9999999403953552,29214120
Anoraks (including ski-jackets) windbreakers and similar articles (including padded sleeveless jackets) imported as parts of suits,HF,0.7272560000419617,62112004
"Apple juice, unfermented and not containing added spirit",HF,0.8030822277069092,20091100
"Apricot, peach or plum stones and kernels",HF,0.8563687801361084,12129930
"Apricots, dried",HF,1.0,8131000
"Aromatic alcohol, ether and ketone peroxides and their halogenated, sulfonated, nitrated, nitrosated derivatives, in add. US note 3 sec. VI",HF,1.0,29096010
"Aromatic amino-acids and their esters, exc. those with more than one oxygen function; salts, described in add. U.S. note 3, sec. VI",HF,0.9700931310653688,29224930
"Aromatic drugs derived from carboxylic acids with additional oxygen function, and their derivatives, nesi",HF,0.9446806907653807,29189930
Aromatic fungicides of nitrile-function compounds,HF,1.0,29269021
"Aromatic or modified aromatic heterocyclic compounds nesi, with nitrogen hetero-atom(s) only, cont. pyrimidine or piperazine ring",HF,0.939549446105957,29335980
"Aromatic pesticides of organo-sulfur compounds, nesi",HF,0.9573270678520204,29309010
"Articles of apparel, of reptile leather",HF,1.0,42031020
Articles of cadmium nesi,HF,0.8680962324142456,81126990
"Articles of gold, including metal clad with gold, nesi",HF,0.8189998865127563,71159060
Articles of goldsmiths' or silversmiths' wares of base metal clad with precious metal,HF,0.9711713790893556,71142000
"Articles of iron or steel, nesi, coated or plated with precious metal",HF,0.9387685656547546,73269060
"Articles of travertine simply cut or sawn, with a flat or even surface, dressed or polished, not further worked",GPT,0.7581280469894409,68022110
"Articles of yarn, strip, twine, cordage, rope or cables nesi, of man-made fibers",HF,0.9733644723892212,56090030
"Artificial fire logs, composed of wax and sawdust, with or without added materials",HF,1.000000238418579,44013920
"Artificial flowers, foliage, fruit and parts thereof, and articles therefrom, of materials nesi",HF,0.8615444302558899,67029065
Artificial waxes and prepared waxes of polyethylene glycol,HF,1.0000001192092896,34042000
"Automatic circuit breakers, for a voltage not exceeding 1,000 V",HF,1.000000238418579,85362000
"Auxiliary machinery for machines of heading 8444, 8445, 8446 or 8447, nesi",HF,0.9627507925033568,84481900
"Babies' blouses and shirts, except those imported as parts of sets, not knitted or crocheted, of cotton",HF,1.0,62092020
Badminton nets of cotton,HF,0.98781019449234,95069908
"Bars and rods, nesi, of ball-bearing steel, not further worked than hot-rolled, hot-drawn or extruded",HF,0.8753948211669922,72283020
Baseballs and softballs,HF,1.0,95066920
Basic paper to be sensitized for use in photography,HF,0.7978506088256836,48101460
"Beans, prepared or preserved by vinegar or acetic acid",HF,1.0000001192092896,20019030
"Bedspreads, not knitted or crocheted, of manmade fibers, nesi",HF,0.9639541506767272,63041920
"Belt type continuous-action elevators and conveyors, for goods or materials",HF,1.0000001192092896,84283300
Benzenesulfonyl chloride,HF,1.0000001192092896,29041008
Beryllium oxide and hydroxide,HF,1.0,28259010
Bis(bromoacetoxy)butene,HF,1.0,29153960
"Blades for knives having fixed blades, of base metal",HF,0.975220799446106,82119410
"Bleached plain weave fabrics of cotton, 85% or more cotton by weight, weighing more than 200 g/m2",HF,1.0,52092100
"Bleached plain weave fabrics of cotton, under 85% cotton by weight, mixed mainly with man-made fibers, over 200 g/m2",HF,0.9941996335983276,52112021
"Bleached satin or twill weave fabrics of cotton, under 85% cotton by weight, mixed mainly with man-made fibers, not more than 200 g/m2",HF,0.9942209720611572,52102920
"Blinds (including venetian blinds), of plastics",HF,0.9999999403953552,39253010
"Bodies (including cabs), for the vehicles of heading 8703",HF,0.8428853750228882,87079050
"Boiled clams in immediate airtight containers, the contents of which do not exceed 680 g gross weight",HF,1.0000001192092896,16055615
"Bones & horn-cores, unworked, defatted, simply prepared (but not cut to shape) or degelatinized; powder & waste of these products",HF,0.9999999403953552,5069000
"Bovine (except buffalo) leather, nesi, and equine leather, w/o hair, pretanned, tanned or retanned, not further prepared",HF,0.9004194140434265,41079970
"Brewery machinery, nesi",HF,0.9088791608810424,84384000
Bromides of sodium or of potassium,HF,0.994930863380432,28275100
"Brushes constituting parts of machines, appliances or vehicles, nesi",HF,0.915946125984192,96035000
"Brussels sprouts, uncooked or cooked by steaming or boiling in water, frozen, reduced in size",HF,1.0,7108085
"Buta-l,3-diene",HF,1.0,29012410
Butene (Butylene) and isomers thereof,HF,1.0,29012300
"Butt welding tube or pipe fittings of iron or steel (except stainless steel), inside diameter of 360 mm or more, nesi",HF,0.847426176071167,73079390
Butt welding tube or pipe fittings of stainless steel,HF,0.9153280258178712,73072300
"Buttons of acrylic resin, of polyester resin, or of both such resins, covered with textile material",HF,0.9837664365768432,96062920
Butylene glycol,HF,1.0,29053910
Butylene oxide,HF,0.9999998807907104,29109010
Calcareous monumental or building stone of apparent spec. gravity <2.5 (except granite or sandstone) in blocks or slabs,HF,0.8142333626747131,25152000
"Calcium hydrogenorthophosphate (""Dicalcium phosphate"")",HF,0.991740345954895,28352500
Cane molasses imported for (a) the commercial extraction of sugar or (b) human consumption,HF,1.0,17031030
Carbonaceous pastes for electrodes and similar pastes for furnace linings,HF,1.000000238418579,38013000
"Carpet sweepers, not electromechanical having self-contained electric motor",HF,1.0000001192092896,84798970
Casein glues,HF,0.9999999403953552,35019020
Cassava (manioc) starch,HF,0.9999998807907104,11081400
"Castor beans, whether or not broken",HF,0.5664874911308289,12019000
"Catheters, cannulae and the like nesi, used in medical, surgical, dental or veterinary sciences, and parts and accessories thereof",HF,0.9473041296005248,90183900
Cement copper (precipitated copper),HF,0.8583480715751648,74010000
"Ceramic household table and kitchenware, in specified sets as listed in add. note 8(b), valued over $38, not of porcelain or china",HF,0.8668799400329591,69120039
"Ceramic troughs, tubes and like receptacles used in agriculture; ceramic pots, jars, & like articles used in conveyance or packing of goods",HF,0.8137177228927612,69099000
"Chassis fitted with engines, for the vehicles of heading 8703",HF,0.8910357356071472,87060025
"Chassis fitted with engines, for tractors suitable for agricultural use",HF,0.9814830422401428,87060030
"Chemical elements doped for use in electronics, in the form of discs, wafers etc., chemical compounds doped for electronic use",HF,1.0000001192092896,38180000
Chloride oxides and chloride hydroxides of vanadium,HF,1.0,28274910
Chlorosulfuric acid,HF,1.0,28062000
Cigarette paper in the form of booklets or tubes,HF,1.0,48131000
"Cinnamon and cinnamon-tree flowers, crushed or ground",HF,1.0,9062000
"Clasps and frames with clasps, incorporating locks, of base metal",HF,0.9777957797050476,83015000
"Coated multi-ply paper and paperboard, nesi, in rolls or sheets",HF,0.8457982540130615,48109265
Cobalt ores and concentrates,HF,1.0000001192092896,26050000
"Cod, cusk, haddock, pollock and Atlantic Ocean perch (rosefish)",HF,0.7824797630310059,3044901
Colloidal or semi-colloidal graphite,HF,1.0,38012000
"Coloring matter and preparations, nesi, as specified in note 3 to this chapter 32",HF,0.9400247931480408,32064960
Combed wool in fragments,HF,1.0,51052100
"Combinations of thermometers, barometers and similar temperature and atmosphere measuring and recording instruments, nonelectrical",HF,1.0,90258050
Complete dumpers designed for off-highway use,HF,0.8378612995147705,87041050
"Complete watch movements, unassembled or partly assembled (movement sets)",HF,1.0,91101100
"Compression-ignition internal-combustion piston engines used for propulsion of vehicles of chapter 87, nesi",HF,0.9743430614471436,84082090
Containing 70 percent or more by weight of silk or silk waste,HF,0.8333443403244019,62139007
Containing 70 percent or more by weight of silk or silk waste,HF,0.8333443403244019,62139007
Containing 70 percent or more by weight of silk or silk waste,HF,0.8333443403244019,62139007
Containing 70 percent or more by weight of silk or silk waste,HF,0.8333443403244019,62139007
Containing 70 percent or more by weight of silk or silk waste,HF,0.8333443403244019,62139007
Containing 70 percent or more by weight of silk or silk waste,HF,0.8333443403244019,62139007
Containing 70 percent or more by weight of silk or silk waste,HF,0.8333443403244019,62139007
Containing 70 percent or more by weight of silk or silk waste,HF,0.8333443403244019,62139007
Containing 70 percent or more by weight of silk or silk waste,HF,0.8333443403244019,62139007
Containing 70 percent or more by weight of silk or silk waste,HF,0.8333443403244019,62139007
Containing 70 percent or more by weight of silk or silk waste,HF,0.8333443403244019,62139007
Containing 70 percent or more by weight of silk or silk waste,HF,0.8333443403244019,62139007
Containing 70 percent or more by weight of silk or silk waste,HF,0.8333443403244019,62139007
Containing 70 percent or more by weight of silk or silk waste,HF,0.8333443403244019,62139007
Containing 70 percent or more by weight of silk or silk waste,HF,0.8333443403244019,62139007
Containing 70 percent or more by weight of silk or silk waste,HF,0.8333443403244019,62139007
Containing 70 percent or more by weight of silk or silk waste,HF,0.8333443403244019,62139007
Containing 70 percent or more by weight of silk or silk waste,HF,0.8333443403244019,62139007
Containing 70 percent or more by weight of silk or silk waste,HF,0.8333443403244019,62139007
Containing 70 percent or more by weight of silk or silk waste,HF,0.8333443403244019,62139007
Containing 70 percent or more by weight of silk or silk waste,HF,0.8333443403244019,62139007
Containing 70 percent or more by weight of silk or silk waste,HF,0.8333443403244019,62139007
Containing 70 percent or more by weight of silk or silk waste,HF,0.8333443403244019,62139007
Containing 70 percent or more by weight of silk or silk waste,HF,0.8333443403244019,62139007
Containing 70 percent or more by weight of silk or silk waste,HF,0.8333443403244019,62139007
Copper-nickel base alloys (cupro-nickel) or copper-nickel-zinc base alloys (nickel silver),HF,0.9516606330871582,74082210
"Corrugated paper and paperboard, whether or not perforated, in rolls or sheets",HF,1.0000001192092896,48081000
"Cotton damask tablecloths and napkins, not knitted or crocheted",HF,0.9782434701919556,63025110
Cotton garnetted stock,HF,1.0000001192092896,52029100
"Crabmeat, frozen",HF,1.0,3061420
"Crowbars, track tools and wedges, and parts thereof, of base metal",HF,0.980088710784912,82055930
"Cruise ships, excursion boats and similar vessels principally designed for the transport of persons; ferry boats of all kinds",HF,0.9601288437843324,89011000
"Cucumbers, including gherkins, fresh or chilled, if entered March 1 to April 30, inclusive, in any year",HF,1.0,7070040
Cups valued over $8 but not over $29 per dozen saucers valued over $5.25 but not over $18.75 per dozen soups oatmeals and cereals valued over $9.30 but not over $33 per dozen plates not over 22.9cm in,GPT,0.6770778298377991,69120039
"Curtains (including drapes), interior blinds and valances of cotton, not knitted or crocheted",HF,1.0,63039100
"Cuttle fish and squid, live, fresh or chilled",HF,0.9743931889533995,3074200
"Cyclanic, cyclenic or cycloterpenic mono- or polyamines, and their derivatives and salts, from any nonaromatic compounds",HF,1.0,29213050
Cyclohexane,HF,1.0,29021100
Cyclohexanone,HF,1.0,29142210
"DC motors, nesi, 149.2 kW or more but not exceeding 150 kW",HF,0.9626048803329468,85013330
Decabromodiphenyl oxide; and octabromodiphenyl oxide,HF,1.0,29093007
"Deciduous veneer strips and sheets, not over 6 mm thick",HF,0.6960115432739258,44089001
"Densified wood, in blocks, plates, strips or profile shapes",HF,1.0000001192092896,44130000
Described in additional U.S note 10 to chapter 4 and entered pursuant to its provisions,HF,0.4900965690612793,98220125
Described in additional U.S note 10 to chapter 4 and entered pursuant to its provisions,HF,0.4900965690612793,98220125
Described in additional U.S note 10 to chapter 4 and entered pursuant to its provisions,HF,0.4900965690612793,98220125
Described in additional U.S note 10 to chapter 4 and entered pursuant to its provisions,HF,0.4900965690612793,98220125
Described in additional U.S note 14 to chapter 4 and entered pursuant to its provisions,HF,0.4982087016105652,98220530
Described in additional U.S note 17 to this chapter and entered pursuant to its provisions,GPT,0.6163193583488464,99990056
Described in additional U.S note 18 to this chapter and entered pursuant to its provisions,HF,0.5384131669998169,99150441
Described in additional U.S note 2 to this chapter and entered pursuant to its provisions,HF,0.5999715328216553,98220125
Described in additional U.S note 22 to this chapter and entered pursuant to its provisions,GPT,0.5959457159042358,99990062
Described in additional U.S note 3 to this chapter and entered pursuant to its provisions,HF,0.5367065668106079,98220125
Described in additional U.S note 5 to this chapter and entered pursuant to its provisions,HF,0.5011755228042603,99170459
Described in additional U.S note 5 to this chapter and entered pursuant to its provisions,HF,0.5011755228042603,99170459
Described in additional U.S note 5 to this chapter and entered pursuant to its provisions,HF,0.5011755228042603,99170459
Described in additional U.S note 5 to this chapter and entered pursuant to its provisions,HF,0.5011755228042603,99170459
Described in additional U.S note 6 to this chapter and entered pursuant to its provisions,HF,0.5446994304656982,98220530
Described in additional U.S note 7 to chapter 17 and entered pursuant to its provisions,HF,0.4970496892929077,98220530
Described in additional U.S note 7 to chapter 17 and entered pursuant to its provisions,HF,0.4970496892929077,98220530
Described in additional U.S note 7 to chapter 17 and entered pursuant to its provisions,HF,0.4970496892929077,98220530
Described in additional U.S note 7 to chapter 17 and entered pursuant to its provisions,HF,0.4970496892929077,98220530
Described in additional U.S note 7 to this chapter and entered pursuant to its provisions,GPT,0.5714420080184937,99990056
Described in additional U.S note 8 to chapter 17 and entered pursuant to its provisions,HF,0.5193716883659363,99150441
Described in additional U.S note 9 to this chapter and entered pursuant to its provisions,HF,0.5079765319824219,98220125
Described in additional U.S. note 9 to this chapter and entered pursuant to its provisions,HF,0.5143834948539734,98220125
Described in general note 15 of the tariff schedule and entered pursant to its provisions,GPT,0.6270293593406677,99990062
Described in general note 15 of the tariff schedule and entered pursant to its provisions,GPT,0.6270293593406677,99990062
Described in general note 15 of the tariff schedule and entered pursant to its provisions,GPT,0.6270293593406677,99990062
Described in general note 15 of the tariff schedule and entered pursant to its provisions,GPT,0.6270293593406677,99990062
Described in general note 15 of the tariff schedule and entered pursant to its provisions,GPT,0.6270293593406677,99990062
Described in general note 15 of the tariff schedule and entered pursant to its provisions,GPT,0.6270293593406677,99990062
Described in general note 15 of the tariff schedule and entered pursant to its provisions,GPT,0.6270293593406677,99990062
Described in general note 15 of the tariff schedule and entered pursant to its provisions,GPT,0.6270293593406677,99990062
Described in general note 15 of the tariff schedule and entered pursant to its provisions,GPT,0.6270293593406677,99990062
Described in general note 15 of the tariff schedule and entered pursant to its provisions,GPT,0.6270293593406677,99990062
Described in general note 15 of the tariff schedule and entered pursant to its provisions,GPT,0.6270293593406677,99990062
Described in general note 15 of the tariff schedule and entered pursant to its provisions,GPT,0.6270293593406677,99990062
Described in general note 15 of the tariff schedule and entered pursant to its provisions,GPT,0.6270293593406677,99990062
Described in general note 15 of the tariff schedule and entered pursant to its provisions,GPT,0.6270293593406677,99990062
Described in general note 15 of the tariff schedule and entered pursant to its provisions,GPT,0.6270293593406677,99990062
Described in general note 15 of the tariff schedule and entered pursant to its provisions,GPT,0.6270293593406677,99990062
Described in general note 15 of the tariff schedule and entered pursant to its provisions,GPT,0.6270293593406677,99990062
Described in general note 15 of the tariff schedule and entered pursant to its provisions,GPT,0.6270293593406677,99990062
Described in general note 15 of the tariff schedule and entered pursant to its provisions,GPT,0.6270293593406677,99990062
Described in general note 15 of the tariff schedule and entered pursant to its provisions,GPT,0.6270293593406677,99990062
Described in general note 15 of the tariff schedule and entered pursant to its provisions,GPT,0.6270293593406677,99990062
Described in general note 15 of the tariff schedule and entered pursant to its provisions,GPT,0.6270293593406677,99990062
Described in general note 15 of the tariff schedule and entered pursant to its provisions,GPT,0.6270293593406677,99990062
Described in general note 15 of the tariff schedule and entered pursant to its provisions,GPT,0.6270293593406677,99990062
Described in general note 15 of the tariff schedule and entered pursant to its provisions,GPT,0.6270293593406677,99990062
Described in general note 15 of the tariff schedule and entered pursant to its provisions,GPT,0.6270293593406677,99990062
Described in general note 15 of the tariff schedule and entered pursant to its provisions,GPT,0.6270293593406677,99990062
Described in general note 15 of the tariff schedule and entered pursant to its provisions,GPT,0.6270293593406677,99990062
Described in general note 15 of the tariff schedule and entered pursant to its provisions,GPT,0.6270293593406677,99990062
Described in general note 15 of the tariff schedule and entered pursant to its provisions,GPT,0.6270293593406677,99990062
Described in general note 15 of the tariff schedule and entered pursant to its provisions,GPT,0.6270293593406677,99990062
Described in general note 15 of the tariff schedule and entered pursant to its provisions,GPT,0.6270293593406677,99990062
Described in general note 15 of the tariff schedule and entered pursant to its provisions,GPT,0.6270293593406677,99990062
Described in general note 15 of the tariff schedule and entered pursant to its provisions,GPT,0.6270293593406677,99990062
Described in general note 15 of the tariff schedule and entered pursant to its provisions,GPT,0.6270293593406677,99990062
Described in general note 15 of the tariff schedule and entered pursant to its provisions,GPT,0.6270293593406677,99990062
Described in general note 15 of the tariff schedule and entered pursant to its provisions,GPT,0.6270293593406677,99990062
Described in general note 15 of the tariff schedule and entered pursant to its provisions,GPT,0.6270293593406677,99990062
Described in general note 15 of the tariff schedule and entered pursant to its provisions,GPT,0.6270293593406677,99990062
Described in general note 15 of the tariff schedule and entered pursant to its provisions,GPT,0.6270293593406677,99990062
Described in general note 15 of the tariff schedule and entered pursant to its provisions,GPT,0.6270293593406677,99990062
Described in general note 15 of the tariff schedule and entered pursant to its provisions,GPT,0.6270293593406677,99990062
Described in general note 15 of the tariff schedule and entered pursant to its provisions,GPT,0.6270293593406677,99990062
Described in general note 15 of the tariff schedule and entered pursant to its provisions,GPT,0.6270293593406677,99990062
Described in general note 15 of the tariff schedule and entered pursant to its provisions,GPT,0.6270293593406677,99990062
Described in general note 15 of the tariff schedule and entered pursant to its provisions,GPT,0.6270293593406677,99990062
Described in general note 15 of the tariff schedule and entered pursant to its provisions,GPT,0.6270293593406677,99990062
Described in general note 15 of the tariff schedule and entered pursant to its provisions,GPT,0.6270293593406677,99990062
Described in general note 15 of the tariff schedule and entered pursant to its provisions,GPT,0.6270293593406677,99990062
"Desonide, epinephrine, epinephrine hydrochloride, nandrolone phenpropionate, and 1-thyroxine (levothyroxine), sodium",HF,0.7103198766708374,29379040
"Diphenyldichlorosilane, and phenyltrichlorosilane",HF,0.9953624606132508,29319005
"Direct dyes and preparations based thereon, nesi",HF,0.9412370920181274,32041450
"Disinfectants, containing any aromatic or modified aromatic disinfectant",HF,1.0000001192092896,38089410
"Disodium sulfate, crude (Salt cake)",HF,1.0,28331110
Disposable briefs and panties designed for one-time use,HF,0.8166727423667908,61082210
"Distillate and residual fuel oils (including blends) derived from bituminous minerals, testing under 25 degrees A.P.I.",HF,0.9598989486694336,27101906
"Dobbies and Jacquards, card reducing, copying, punching or assembling machines for use with machines of heading 8444, 8445, 8446 or 8447",HF,1.0,84481100
Double or complex silicates,HF,0.9999999403953552,28421000
"Drawing paper, weighing over 150 g/m2, cont. n/o 10% by weight total fiber content obtained by mechanical process, in rolls or sheets",HF,0.8656468391418457,48025520
"Drawn and blown glass sheets nesi, in rectangular shape, not over 1.5 mm in thickness, over 0.26 m2 in area",HF,0.8068335652351379,70049020
"Dried fennel, marjoram, parsley, savory and tarragon, crude or not manufactured",HF,1.0,7129060
"Drinking glasses of glass nesi, valued over $3 but not over $5 each, not cut or engraved",HF,0.8752550482749939,70133760
Drugs,GPT,0.5258325338363647,30045040
"Dyed plain weave fabrics of cotton, nesi, 85% or more cotton by weight, over 100 g/m2 but not more than 200 g/m2, of number 42 or lower",HF,0.983415186405182,52083230
Edge-glued lumber,HF,0.8372004628181458,44219994
"Edible offal of swine, fresh or chilled",HF,1.0000001192092896,2063000
Electrical central office telephone switching apparatus,GPT,0.6459472179412842,90304000
"Electrical ignition or starting equipment of a kind used for spark-ignition internal-combustion or compression-ignition engines, nesi",HF,0.953649640083313,85118060
Electrical lighters,HF,0.7997606992721558,96139040
"Electrical telephonic switching apparatus, nesi",HF,0.6860698461532593,85437060
Electronic calculators capable of operation without an external source of power,HF,0.7935938239097595,84701000
Essential oils of lemon,HF,1.0,33011300
Essential oils of orris,HF,1.0000001192092896,33012920
Estrogens and progestins obtained directly or indirectly from animal or vegetable materials,HF,1.0000001192092896,29372310
"Ethoxyquin (1,2-Dihydro-6-ethoxy-2,2,4-trimethylquinoline)",HF,1.0,29334910
Ethyl 2- 4- (6chloro-2-benzoxazolyl)-oxy phenoxy propanoate (fenoxaprop ethyl),HF,0.9509328603744508,29349907
Ethylene dibromide,HF,0.8276827931404114,29036210
Ethylenebistetrabromophthalimide,HF,1.0000001192092896,29251910
Ethylenediamine and its salts,HF,1.0,29212100
"Fabrics specified in note 9 to section XI, of synthetic filament yarn, nesi",HF,0.9370577931404114,54073090
"Fabrics specified in note 9 to section XI, of synthetic filament yarn, over 60 percent by weight of plastics",HF,0.978206992149353,54073010
Fastener fabric tapes,HF,0.7689419388771057,58061024
"Ferments, excluding yeasts",HF,1.000000238418579,30029010
Ferrochromium containing by weight more than 3 percent but not more than 4 percent of carbon,HF,1.0,72024910
Fescue seed of a kind used for sowing,HF,0.975760579109192,12092300
"Fiberboard of a density exceeding 0.5 but not exceeding 0.8 g/cm3, not mechanically worked or surface covered",HF,0.9873042702674866,44119210
"Figs, provisionally preserved, but unsuitable in that state for immediate consumption",HF,1.0,8129030
"Film in rolls, without sprocket holes, of a width exceeding 610 mm and of a length exceeding 200 m, for color photography",HF,1.0000001192092896,37024101
"Filter blocks, slabs and plates of paper pulp",HF,1.0,48120000
"Filtering or purifying machinery and apparatus for liquids, nesi",HF,0.9483883380889891,84212900
"Fish balls, cakes and puddings, not in oil, not in immediate containers, weighing with their contents not over 6.8 kg each",HF,1.0000001192092896,16042030
"Fish hooks, snelled",HF,1.0,95072040
"Fish landing nets, butterfly nets and similar nets",HF,1.0000001192092896,95079060
"Fish sticks and similar products of any size or shape, if breaded, coated with batter or similarly prepared, not cooked nor in oil",HF,1.0000001192092896,16042040
Fishing reels valued not over $2.70 each,HF,0.9807217121124268,95073020
"Fixed focus, hand held, 110 cameras",HF,1.0,90065905
"Fixed, multiple and variable ratio speed changers, not imported for use with machines for making cellulosic pulp, paper or paperboard",HF,1.0,84834050
"Flat-rolled products of alloy steel nesi, of a width of 300 mm but less than 600 m, cold-rolled",GPT,0.8171868324279785,72209000
"Flat-rolled products of alloy steel nesi, of a width of less than 300 mm, hot-rolled, less than 4.75 mm thick",HF,0.7821648120880127,72269901
Flat-rolled products of iron or nonalloy steel plated or coated with chromium oxides or with chromium and chromium oxides,HF,0.8549368977546692,72105000
"Flat-rolled products of stainless steel, of a width of 600 mm or more, hot-rolled, in coils, less than 3 mm thick",HF,0.9241141080856324,72192400
Flax tow and waste (including yarn waste and garnetted stock),HF,1.0,53013000
"Flaxseed (linseed), whether or not broken",HF,1.0000001192092896,12040000
"Flexible plastic tubes, pipes and hoses, nesi",HF,0.9567842483520508,39173900
"Flexible tubing of iron or steel, without fittings",HF,0.982856512069702,83071060
Floor coverings of agglomerated cork,HF,1.000000238418579,45041030
"Floral or flower waters, not containing alcohol",HF,1.000000238418579,33030010
"Food coloring solutions, containing cochineal carmine lake and paprika oleo resins, but not including any synthetic organic coloring matter",HF,0.8922891616821289,32050005
Footwear with outer soles of leather and uppers of leather straps across the instep and around the big toe,HF,0.9144478440284728,64032000
"Footwear with outer soles of rubber or plastics, nesi, having uppers of which over 50% of the external surface area is leather",HF,0.8653976917266846,64039130
"Footwear with uppers of leather, made on a base or platform of wood",HF,0.8511859178543091,64039920
"Footwear with uppers of leather, made on a base or platform of wood, not having an inner sole or a protective metal toe-cap",HF,0.9234004020690918,64035910
Forks of base metal plated with precious metal,HF,0.9784532189369202,82159130
Forks with silver handles,HF,0.8386297225952148,71141120
"Fresh or chilled retail cuts of ham, shoulders and cuts thereof, with bone in",HF,1.000000238418579,2031210
Furniture designed to receive refrigerating or freezing equipment,HF,1.0,84189100
Fused magnesia and dead-burned (sintered) magnesia,HF,0.8358940482139587,25199010
"Gas compressors, nesi",HF,0.9059322476387024,84148020
"Glassware used for toilet, office, indoor decoration or similar purposes nesi, valued over $5 each, cut or engraved",HF,0.9484969973564148,70139970
"Gloves, mittens and mitts, knitted or crocheted, of cotton, with fourchettes",HF,0.9229819774627686,61169954
"Gloves, mittens and mitts, knitted or crocheted, of wool or fine animal hair",HF,1.0,61169100
"Gloves, mittens and mitts, nesi, knitted or crocheted, of synthetic fibers, containing 23 % or more of wool or fine animal hair, without fourchettes",HF,0.9038755893707277,61169100
"Gloves, mittens and mitts, not ski, not knitted or crocheted, of cotton, not impregnated/coated with plastics/rubber, with fourchettes",HF,0.889011561870575,61169288
"Gloves, nesi, of plastics",HF,0.9577333331108092,39262040
"Glucose and glucose syrup, not containing fructose or in the dry state less than 20 percent by weight of fructose, nesi",HF,0.972415566444397,17023040
"Golf clubs, complete",HF,1.0,95063100
Golf shoes,HF,0.7294273376464844,64031910
Goods described in additional U.S. note 4(a) to section XI.,HF,0.7274043560028076,99990062
"Grapefruit juice, nesi, unfermented and not containing added spirit",HF,0.7934221029281616,20091100
"Grapefruit, fresh or dried, if entered during the period November 1 through the following July 31, inclusive",HF,0.9116945266723632,8054080
"Halo-isobutene-isoprene rubber (CIIR or BIIR), in primary forms or in plates, sheets or strip",HF,1.0,40023900
"Hammers and sledge hammers, with heads not over 1.5 kg each, and parts thereof, of base metal",HF,0.9818386435508728,82052030
"Handkerchiefs, not knitted or crocheted, of cotton, hemmed, not containing lace or embroidery",HF,1.0,62132010
"Handkerchiefs, not knitted or crocheted, of textile materials, nesi",HF,0.9645044803619384,62139020
Handmade paper and paperboard,HF,1.000000238418579,48021000
"Hat-racks, hat pegs, brackets and similar fixtures, and parts thereof, of base metal",HF,0.98775053024292,83025000
Having an outer surface impregnated coated covered or laminated with rubber or plastics material which completely obscures the underlying fabric,GPT,0.6045113801956177,59039018
"Helicopters, of an unladen weight exceeding 2,000 kg",HF,0.9161869287490844,88021201
"Herbicides, antisprouting products and plant-growth regulators, nesi, containing an inorganic substance, for retail sale",HF,0.9522147178649902,38089320
"Hollow bars, seamless, of iron or nonalloy steel, nesi, of circular cross section, cold-drawn or cold-rolled",HF,0.9149362444877625,73043130
Hollow profiles,GPT,0.6728403568267822,76042100
"Hop cones, fresh or dried, neither ground, powdered nor in the form of pellets",HF,1.0,12101000
Hydraulic and pneumatic automatic regulating or controlling instruments and apparatus,HF,1.000000238418579,90328100
"Hydraulic jacks and hoists, nesi",HF,0.9352718591690063,84254200
Hydrogen chloride (Hydrochloric acid),HF,1.0000001192092896,28061000
Hydroxycitronellal,HF,1.0,29124955
"Imitation gemstones, of plastics",HF,1.0,39269040
In airtight containers,GPT,0.7001127004623413,98130045
India ink drawing pens,HF,0.7756575942039491,32159010
Inflatable rafts,HF,0.8802232146263123,89071000
Inositols,HF,1.0000001192092896,29061310
"Instrument panel clocks for vehicles, air/spacecraft or vessels, w/clock or watch movement < 50 mm wide, nonelectric",HF,1.0,91040060
"Insulating fittings for electrical machines, appliances or equipment, of ceramics nesi",HF,0.9457676410675048,85471080
"Interchangeable tools nesi, not suitable for cutting metal, not for hand tools, and parts thereof, of base metal",HF,0.8744800686836243,82079060
Isophytol,HF,1.0000001192092896,29052220
"Jojoba oil and its fractions, whether or not refined, not chemically modified",HF,1.0,15159060
"Kitchen and butcher knives having fixed blades, with rubber or plastics handles",HF,0.9776682257652284,82119220
Knives with silver handles,HF,0.8333838582038879,71141110
"Lead bars, rods, profiles and wire",HF,0.9727835655212402,78060003
Lead bullion,HF,0.787078857421875,78019930
"Leaf springs and leaves therefor, of iron or steel, suitable for motor vehicle suspension, for motor vehicles of a G.V.W. <= 4 metric tons",HF,0.9387975931167604,73201060
"Leaf springs and leaves therefor, of iron or steel, suitable for motor vehicle suspension, for motor vehicles of a G.V.W. > 4 metric tons",HF,0.9451451301574708,73201060
"Lentils, uncooked or cooked by steaming or boiling in water, frozen",HF,1.0000001192092896,7102915
"Letter clips, letter corners, indexing tags and similar office articles nesi, and parts thereof, of base metal",HF,0.9738907217979432,83059060
Leucite; nepheline and nepheline syenite,HF,1.0,25293000
"Lighters nesi, of precious metal (except silver), of precious or semiprecious stones, or of such metal and such stones",GPT,0.6739095449447632,96138040
"Linoleum, whether or not cut to shape",HF,1.0000001192092896,59041000
"Loudspeakers nesi, not mounted in their enclosures",HF,0.8926501870155334,85182980
Low fuming brazing rods of copper-zinc base alloys (brass),HF,0.9786185622215272,74072150
"Lubricating preparations (incl. lubricant-based preparations), nesi",HF,0.9377668499946594,34039900
Luminescent grade having a purity of 99.99 percent or more by weight,HF,0.6585738062858582,28309010
"Mace, bombay or wild, ground",HF,0.8969017267227173,9082220
"Machine tools operated by electro-discharge processes, for working metal",HF,0.9999999403953552,84563010
"Machinery, apparatus and equipment of heading 8442, nesi",HF,0.887468159198761,84423001
Machines and appliances for testing the mechanical properties of metals,HF,1.0000001192092896,90241000
"Machines for making bags, sacks or envelopes of paper pulp, paper or paperboard",HF,1.000000238418579,84412000
"Maps and hydrographic or similar charts of all kinds, including atlases, wall maps and topographical plans, printed, not in book form",HF,0.9581925272941588,49052000
Marble slabs,HF,0.7546933889389038,68029105
"Master alloys of copper, not containing by weight 5% or more but not more than 15% of phosphorus",HF,0.9738787412643432,74050060
"Meat and edible offal nesi, salted, in brine, dried or smoked; flour and meal, nesi",HF,0.8153953552246094,2109991
"Mechano-therapy appliances and massage apparatus, and parts and accessories thereof",HF,1.0000001192092896,90191020
"Medicaments containing insulin, in dosage form or packed for retail",HF,1.0,30043100
"Men's or boys' anoraks, windbreakers and similar articles, not knitted or crocheted, of manmade fibers, nesi",HF,0.9491235017776488,62014075
"Men's or boys' ensembles, knitted or crocheted, of cotton",HF,1.0,61032200
"Men's or boys' shirts, knitted or crocheted, of cotton",HF,1.0000001192092896,61051000
"Men's or boys' suit-type jackets and blazers, not knitted or crocheted, of synthetic fibers, nesi",HF,0.9673097133636476,61033320
"Men's or boys' suits of wool or fine animal hair, not knitted or crocheted, nesi",HF,0.9812770485877992,62031190
"Men's or boys' suits, knitted or crocheted, of artificial fibers, nesi",HF,0.9735954403877258,61031050
"Men's or boys' trousers and breeches, not knitted or crocheted, of synthetic fibers, nesi, water resistant",HF,0.941763162612915,62034375
"Men's or boys' trousers, breeches and shorts, not knitted or crocheted, of artificial fibers, certified hand-loomed and folklore products",HF,1.0,62034935
"Men's or boys' trousers, breeches and shorts, not knitted or crocheted, of artificial fibers, nesi",HF,0.9443460702896118,61034315
Mercury,HF,1.0,28054000
Mica waste,HF,0.9679160714149476,25253000
"Mine wagon pushers, locomotive or wagon traversers, wagon tippers and similar railway wagon handling equipment",HF,0.7104232311248779,87169010
"Mineral or chemical fertilizers cont. two or three of the fertilizing elements nitrogen, phosphorus and potassium fertilizers, nesi",HF,0.9720275402069092,31059000
"Mirrors and reflectors used in medical, surgical, dental or veterinary sciences, and parts and accessories thereof",HF,1.0,90189010
Mixed linear alkybenzenes,HF,0.742619514465332,38170010
"Mixtures of 1,3,6-naphthalenetrisulfonic acid and 1,3,7-naphthalenetrisulfonic acid",HF,1.0,29041015
"Mixtures of 5- and 8-amino-2-naphthalenesulfonic acid, 2-naphthylamine-6-sulfonic acid, and o-naphthionic acid (1-amino 2-naphthalenesulfonic acid)",HF,0.9597269892692566,29214525
Mixtures of dinocap and application adjuvants,HF,1.0,38089205
"Mixtures of hydrocarbons nesi, containing by weight not over 50 percent of any single hydrocarbon compound, in liquid form",HF,0.7392183542251587,38249955
"Mixtures of vegetables nesi, uncooked or cooked by steaming or boiling in water, frozen",HF,0.8696581125259399,7109091
Mono- or disodium phosphates,HF,1.0,28352200
"Monumental or building stone and articles thereof, of stone, nesi, simply cut or sawn, with a flat or even surface",HF,0.9500285983085632,68022990
"Motor vehicles for transporting persons, golf carts and similar vehicles",HF,0.8596259355545044,87031050
Mules and hinnies imported for immediate slaughter,HF,1.0,1019030
"Multiple or cabled cotton yarn, 85% or more cotton by weight, of uncombed fibers, yarn over 52 but n/o 80 nm, not put up for retail sale",HF,1.0000001192092896,52053400
"Mushrooms, fresh or chilled",HF,0.8737488985061646,7095991
"Mutes, collapsible musical instrument stands, and music holders for attachment to musical instruments of heading 9202",HF,0.8158824443817139,92099220
N-Methyl-2-pyrrolidone; and 2-pyrrolidone,HF,1.0,29337920
"Nails, tacks, corrugated nails, staples and similar articles of iron or steel, suitable for use in powder-actuated hand tools, not threaded",HF,0.9614471793174744,73170020
"Nails, tacks, corrugated nails, staples and similar articles of iron or steel, suitable for use in powder-actuated hand tools, threaded",HF,0.954616904258728,73170030
Naphthas (except motor fuel or motor fuel blending stock),HF,0.7194724678993225,27101225
Nativity scenes and figures thereof,HF,0.7383163571357727,95051030
Natural honey,HF,0.9999998807907104,4090000
Natural sodium borates,HF,0.6921730637550354,25280000
Nickel waste and scrap,HF,0.966513991355896,75030000
Nitric acid; sulfonitric acids,HF,1.0,28080000
"Nonadhesive plates, sheets, film, foil, strip, cellular, of polymers of vinyl chloride, with man-made textile fibers, n/o 70% plastics",HF,1.0,39211215
"Nonadhesive plates, sheets, film, foil, strip, noncellular, not reinforced of vinyl chloride polymers, flexible, patent leather imitation",HF,0.8498911857604979,39206310
Nonaromatic drugs of heterocyclic compounds with nitrogen hetero-atom(s) only containing an unfused pyrazole ring,HF,1.0,29331945
"Nonaromatic drugs of heterocyclic compounds with nitrogen hetero-atom(s) only, containing an unfused imidazole ring, nesi",HF,0.983005166053772,29332945
"Nonaromatic nitrile-function compounds, nesi",HF,0.9539228677749634,29269050
Nonaromatic ureines and their derivatives; and salts thereof,HF,1.0,29242150
"Nongraphic, nonbleached kraft paper and paperboard, nesi, coated on side(s), in rolls or sheets",HF,0.8687089085578918,48103965
"Nonrectangular plates, sheets and strip of aluminum, not alloyed, of a thickness exceeding 0.2 mm, clad",HF,0.8349503874778748,76061230
"Nonthreaded articles of iron or steel, nesi",HF,0.7962042689323425,73269086
"Nonwired float glass and surface ground or polished glass, nesi, in sheets, 10 mm or more in thickness",HF,0.9366596341133118,70052925
"Nopalitos, prepared or preserved by vinegar or acetic acid",HF,0.9371532797813416,20019033
Not lined with textile fabrics,HF,0.7028782367706299,63023900
Numerically controlled,HF,0.5509985089302063,84602400
Of cotton or man-made fibers,HF,0.7563950419425964,52030005
Of cotton or man-made fibers,HF,0.7563950419425964,52030005
Of cotton or man-made fibers,HF,0.7563950419425964,52030005
Of cotton or man-made fibers,HF,0.7563950419425964,52030005
Of plastics,HF,0.7608091831207275,39241030
Of vinyon,GPT,0.6700448989868164,55039010
"Oil well tubing of iron or nonalloy steel, open seamed or closed, nesi",HF,0.73244309425354,73042950
Okra,HF,0.6181787848472595,7099914
"One-handed secateurs, pruners and shears, (including poultry shears), and parts thereof, of base metal",HF,0.9830212593078612,82015000
"Opacifying preparations for X-ray examinations; diagnostic reagents designed to be administered to the patient, nesi",HF,0.9663337469100952,30063050
"Open railway or tramway freight cars, with nonremovable sides exceeding 60 cm in height, not self-propelled",HF,0.9313946962356568,86069200
"Organic composite solvents and thinners containing 5 to 25 percent, by weight of one or more aromatic substances",HF,1.0000001192092896,38140010
"P-Acetanisidide, p-acetoacetotoluidide, 4'-amino-n-methyl",HF,0.8032288551330566,29242901
"P-Sulfobenzoic acid, potassium salt",HF,0.7076354026794434,29182922
"Padlocks (key, combination, or electrically operated), of base metal, not of cylinder or pin tumbler construction, over 6.4 cm in width",HF,0.8801966309547424,83011090
Paints and varnishes (including enamels and lacquers) based on acrylic or vinyl polymers in a nonaqueous medium,HF,1.0,32082000
"Palladium, unwrought or in powder form",HF,1.0000001192092896,71102100
"Paper and paperboard labels, not printed, nesi",HF,0.9413717985153198,48219040
Parsley seeds of a kind used for sowing,HF,1.0000001192092896,12099150
"Parts and accessories of articles of heading 9301, except rifles and shotguns",HF,0.9675958156585692,93059940
Parts and accessories of machines for extruding or drawing man-made textile filaments,HF,1.0,84482010
"Parts and accessories of machines of heading 8445 or their auxiliary machinery, nesi",HF,0.9653019905090332,84483990
"Parts and accessories of nonelectrical instruments and apparatus for measuring or checking variables of liquids or gases, nesi",HF,0.9548497200012208,90269060
"Parts and accessories of the electronic calculating machines of subheading 8470.10, 8470.21 or 8470.29",HF,1.0,84732100
"Parts for machinery of heading 8433, nesi",HF,0.9578473567962646,84339050
"Parts of bearing housings and plain shaft bearings, nesi",HF,0.9358876943588256,84839030
Parts of can-sealing machines,HF,1.0000001192092896,84229011
"Parts of hand operated and check appliances for pipes, boiler shells, tanks, vats or the like, of iron or steel",HF,1.0,84819030
"Parts of machinery and plant, for making paper pulp, paper or paperbroad",HF,0.973538100719452,84199020
"Parts of machinery for preparing or making up tobacco, nesi",HF,0.9485917687416076,84789000
"Parts of machinery for preparing, tanning or working hides, skins or leather or making or repairing articles of same, nesi",HF,0.9682501554489136,84539050
"Parts of mowers for lawns, parks or sports grounds",HF,1.0,84339010
Parts of shotgun cartridges; air gun pellets,HF,0.9851313829421996,93062900
Parts of slide fasteners,HF,1.0000001192092896,96072000
"Parts of smoking pipes and cigar or cigarette holders and parts thereof, of metal",HF,0.9162849187850952,96140094
Peach jam,HF,1.0,20079935
"Pearl onions not over 16 mm in diameter, fresh or chilled",HF,1.0,7031030
"Peat (including peat litter), whether or not agglomerated",HF,1.0,27030000
"Pepper of the genus Piper, crushed or ground",HF,1.0000001192092896,9041200
"Percussion musical instruments, nesi, except for drums, cymbals, chimes, peals or carillons (for example, xylophones, castanets, maracas)",HF,0.9393594264984132,92060080
Pesticides made of halogenated derivatives of aromatic hydrocarbons,HF,0.9804116487503052,29039930
Petroleum bitumen,HF,1.0,27132000
"Petroleum coke, calcined",HF,0.9382591247558594,27131200
Phonograph records for sound or similarly recorded phenomena,HF,0.8503949642181396,85238010
Phosphorus pentachloride,HF,1.0,28121400
Photographic cameras of a kind used for preparing printing plates or cylinders,HF,0.9792554974555968,90065920
"Photographic discharge lamp (""electronic"") flashlight apparatus",HF,0.9941648244857788,90066100
"Photographic filters, mounted, and parts and accessories therefor",HF,0.9999999403953552,90022040
"Photographic plates, film, paper, paperboard and textiles, exposed but not developed",HF,1.0,37040000
"Photosensitive semiconductor devices, nesi",HF,0.872974157333374,85414995
"Pictures, designs and photographs printed not over 20 years at time of importation, used in production of articles of heading 4901",HF,1.0,49119115
"Pineapple juice, not concentrated or not in concentration greater than 3.5 degrees, unfermented and not containing added spirit",HF,0.8316473960876465,20094920
"Pineapples, fresh or dried, reduced in size",HF,1.0,8043060
"Pituitary (anterior) or similar hormones, and their derivatives",GPT,0.6692811250686646,29379090
"Plain weave cotton fabrics, under 85% cotton weight, mixed mainly with m-m fibers, n/o 200g/m2, of number 42 or lower, of colored yarns",HF,0.9426908493041992,52104160
"Plain weave fabrics of cotton, 85% or more cotton by weight, weighing not over 100 g/m2, of number 69 or higher, of yarn of different colors",HF,1.0,52084180
"Plain weave fabrics of cotton, nesi, containing 85% or more cotton by weight, weighing more than 200 g/m2, of yarns of different colors",HF,0.9551856517791748,52094160
"Plaits and similar products of plaiting materials, whether or not assembled into strips",HF,0.9643998146057128,46019905
"Plates, sheets and strip of copper-nickel base alloys (cupro-nickel) or copper-nickel-zinc base alloys (nickel silver)",HF,0.9109088778495787,74094000
"Pocket lighters, gas fueled, refillable",HF,0.9217529892921448,96132000
"Polyesters nesi, saturated, in primary forms",HF,0.9250272512435912,39079950
"Polyisobutylene, elastomeric, in primary forms",HF,1.0,39022010
"Porcelain or china household table and kitchenware in specified sets as listed in additional note 8(b), valued not over $56",HF,0.8060401082038879,69120039
"Pork shoulders and cuts thereof, boned and cooked and packed in airtight containers",HF,1.0,16024220
"Powder-actuated hand tools and parts thereof, of base metal",HF,0.9836435317993164,82055920
Powders of tungsten,HF,0.9529881477355956,81011000
"Pre-shave, shaving or after-shave preparations, not containing alcohol",HF,1.0,33071010
Preparations and charges for fire-extinguishers; charged fire-extinguishing grenades; consisting wholly of inorganic substances,HF,0.9965927600860596,38130010
"Printed 3- or 4-thread twill of cotton, including cross twill, under 85% cotton by weight, mixed mainly with man-made fibers, over 200g/m2",HF,0.9603255987167358,52115200
"Printed books, brochures, leaflets and similar printed matter in single sheets, whether or not folded",HF,1.0,49011000
"Printed certified hand-loomed plain weave fabrics of cotton, 85% or more cotton by weight, more than 100 g/m2 but not more than 200 g/m2",HF,0.9972937703132628,52085210
"Printed plain weave cotton fabrics, under 85% cotton by weight, mixed mainly with man-made fibers, n/o 200 g/m2, of number 69 or higher",HF,0.9932788610458374,52105180
"Printed satin or twill weave fabrics of cotton, containing 85% or more cotton by weight, weighing not more than 200 g/m2",HF,0.9675126075744628,52085920
"Printed woven fabrics of cotton, nesi, containing 85% or more cotton by weight, weighing not more than 200 g/m2, of numbers 43 to 68",HF,0.953517198562622,52085960
"Printed woven fabrics, under 85% by weight polyester staple fibers, nesi, mixed mainly or solely with cotton, over 170g/m2",HF,0.8852355480194092,55144300
Products described in additional U.S. note 3 to section VI,HF,0.6578693389892578,99990051
Products described in additional U.S. note 3 to section VI,HF,0.6578693389892578,99990051
Products described in additional U.S. note 3 to section VI,HF,0.6578693389892578,99990051
Products described in additional U.S. note 3 to section VI,HF,0.6578693389892578,99990051
Products described in additional U.S. note 3 to section VI,HF,0.6578693389892578,99990051
Products described in additional U.S. note 3 to section VI,HF,0.6578693389892578,99990051
Products described in additional U.S. note 3 to section VI,HF,0.6578693389892578,99990051
Products described in additional U.S. note 3 to section VI,HF,0.6578693389892578,99990051
Products described in additional U.S. note 3 to section VI,HF,0.6578693389892578,99990051
"Products nesi, of plaiting materials, bound together in parallel strands or woven, in sheet form, of bamboo, rattan, willow or wood",HF,0.8870182037353516,46019420
Profile projectors,HF,0.9999999403953552,90314910
"Profiles of aluminum, not alloyed",HF,0.8963637351989746,76041010
"Projection lenses, mounted, and parts and accessories therefor, for cameras, projectors or photographic enlargers or reducers",HF,1.0,90021140
Propan-1-ol (Propyl alcohol) and propan-2-ol (Isopropyl alcohol),HF,1.0000001192092896,29051200
Prune wine,HF,1.0,22060030
Pseudocumene,HF,1.0000001192092896,29029010
"Punch/notch machines (incl. presses), incl. combined punch & shearing machines, numerically controlled for working metal or metal carbides",HF,0.7286460399627686,84624200
Pyrometers,HF,0.8669469356536865,90251940
Quilts eiderdowns comforters and similar articles,HF,0.7780462503433228,94044090
"Radiobroadcast receiver combinations incorporating tape recorders, nesi",HF,0.9506818652153016,85279150
Rail locomotives powered by electric accumulators (batteries),HF,1.000000238418579,86012000
"Railway or tramway sleepers (cross-ties) of wood, not impregnated",HF,0.956009805202484,44061200
"Rattan webbing for mats, matting and screens",HF,1.0,46019301
"Raw lamb furskins of Astrakhan, Broadtail, Caracul, Persian, Indian, Chinese, Mongolian, Tibetan, whole",HF,1.0000001192092896,43013000
"Razor clams, in airtight containers, prepared or preserved, nesi",HF,0.9707542657852172,16055610
Razors of base metal,HF,0.9634071588516236,82121000
"Reaction initiators, reaction accelerators and catalytic preparations, nesi, consisting wholly of bismuth, of tungsten or of vanadium",HF,0.9460030198097228,38159010
"Religious articles for personal use of a purely devotional character, of base metal, whether or not plated with precious metal",HF,0.903436243534088,71171930
Rider-type counterbalanced fork-lift trucks,GPT,0.6156252026557922,84271040
Road tractors for semi-trailers,HF,0.8775622844696045,87012400
Road wheels,HF,0.584674596786499,87149210
"Rods, sticks and profile shapes, at most surface-worked, of plastics, nesi",HF,0.9554058313369752,39169050
Rolled or flaked grains of oats,HF,1.0,11041200
Rolls for metal-rolling mills,HF,1.0,84553000
"Rope, chain & like articles for manufacture of imitation jewelry, in continuous lengths of base metal, over 33 cents per meter",HF,0.7787742614746094,71132010
"Roquefort cheese, in original loaves",HF,0.8483458757400513,4064040
"Rosaries and chaplets for personal use of a purely devotional character, of imitation jewelry material, nesi",HF,0.7987109422683716,71179020
Rye,HF,0.8547317385673523,10021000
"Sacks and bags, having a base of a width of 40 cm or more, of paper, paperboard, cellulose wadding or webs of cellulose fibers",HF,1.0,48193000
"Salicylazosulfapyridine (sulfasalazine), sulfaguanidine, sulfamerizine and sulfapyridine",HF,0.9615252017974854,29359042
Sandals and similar footwear of plastics produced in one piece by molding,HF,0.8627637624740601,64029927
"Sanitary towels and tampons, diapers and diaper liners for babies and similar sanitary articles, of wadding of textile materials, nesi",HF,0.9617793560028076,96190025
Saps and extracts of licorice,HF,1.0,13021200
Saps and extracts of pyrethrum or of the roots of plants containing rotenone,GPT,0.5835123062133789,12119089
"Scallops, including queen scallops, whether in shell or not, frozen, dried, salted or in brine",HF,0.8755265474319458,3072100
"Screws, bolts and nuts of copper, threaded, having shanks, threads or holes less than 6 mm in diameter",HF,0.8041136860847473,73181580
Sealed beam lamp units,HF,1.0,85391000
Seed of wheat and meslin,HF,0.8662117123603821,10019100
"Seeds of beans nesi, of a kind used for sowing",HF,0.9348809719085692,7133911
Seeds of beans of a kind used for sowing,HF,1.0,7133110
Seeds of peas of a kind used for sowing,HF,1.000000238418579,7131010
Self-propelled graders and levelers,HF,1.0,84292000
"Sets of two or more tools and implements of headings 8202 to 8205, of base metal, put up for retail sale",HF,0.8627322316169739,82060000
"Sharpening (tool or cutter grinding) machines, numerically controlled, for metals, sintered metal carbides or cermets",HF,0.9347984790802002,84603900
"Siliceous fossil meals and similar siliceous earths, whether or not calcined, of an apparent specific gravity of 1 or less",HF,1.0000001192092896,25120000
"Silk yarn and yarn spun from silk waste, put up for retail sale; silkworm gut: containing 85 percent or more by weight of silk or silk waste",HF,0.9194966554641724,50060010
Silver ores and concentrates,HF,1.0,26161000
Simplex decalcomania paper in rolls over 36 cm wide or in rectangular sheets over 36 cm on side(s),HF,1.0,48099040
"Single cotton yarn, 85% or more cotton by weight, of combed fibers, over 14 but n/o 43 nm, not put up for retail sale",HF,1.0,52052200
"Single cotton yarn, less than 85 percent cotton by weight, of combed fibers, not over 14 nm, not put up for retail sale",HF,1.0000001192092896,52062100
"Single cotton yarn, less than 85 percent cotton by weight, of combed fibers, over 43 but n/o 52 nm, not put up for retail sale",HF,1.0,52062300
"Skates, excluding roller and ice, including parts and accessories for ice skates with footwear permanently attached",HF,0.8368836641311646,95067040
"Smoking pipes and pipe bowls, except of wood, root or wholly clay",HF,0.9837013483047484,96140028
Snowplows and snowblowers,HF,1.0,84302000
"Soap; organic surface-active products used as soap, in bars, cakes, pieces; soap impregnated paper, wadding, felt, not for toilet use",HF,0.9958580136299132,34011900
Sodium sulfites,HF,1.0,28321000
Spherical roller bearings,HF,1.0,84823000
"Spinach, New Zealand spinach and orache spinach (garden spinach), fresh or chilled",HF,1.0,7097000
"Spools, cops, bobbins and similar supports, of plastics",HF,0.9999999403953552,39234000
"Spoons and ladles of base metal, with base metal (except stainless steel) or nonmetal handles",HF,0.8733435869216919,82159940
"Sports and athletic footwear with outer soles of rubber or plastics and uppers of textile materials, valued over $12/pair",HF,0.9140901565551758,64021990
"Sports footwear with outer soles and uppers of rubber or plastics, nesi, valued over $12/pair",HF,0.9673577547073364,64021990
Spraying appliances designed for etching stripping or cleaning semiconductor wafers,GPT,0.679998517036438,84248910
Stators and rotors of goods of subheading 8414.30,HF,1.0000001192092896,84149030
Sterols,HF,1.0,29061350
Stilton cheese described in additional U.S. note 24 to this chapter and entered pursuant to its provisions,HF,0.7792700529098511,4063005
"Stock pumps imported for use with machines for making cellulosic pulp, paper or paperboard, not fitted with a measuring device",HF,1.0000001192092896,84137010
"Strawberries, uncooked or cooked by steaming or boiling in water, frozen",HF,0.7782669067382812,8111000
Strip and the like of synthetic textile materials of an apparent width not exceeding 5 mm,HF,1.0,54049000
Strontium nitrate,HF,1.0,28342920
"Sulfur, sublimed or precipitated; colloidal sulfur",HF,1.0,28020000
Sweet biscuits (pastry); waffles and wafers,HF,0.8395663499832153,19053200
"Synthetic organic tanning substances, nonaromatic",HF,1.0,32021050
"T-shirts, singlets, tank tops and similar garments, knitted or crocheted, of man-made fibers",HF,1.0,61099010
"Tamping or compacting machinery, not self-propelled",HF,1.0,84306100
"Tapestry and upholstery fabrics of carded wool or fine animal hair, not mixed mainly or solely with man-made staple fibers or filaments, exceeding 300 g/m2",HF,0.9670578837394714,51113005
Tents of cotton,HF,1.0,63062911
Tetramethylthiuram monosulfide,HF,1.0,29303030
"Theophylline aminophylline (Theophylline-ethylenediamine), and their derivatives; salts thereof",HF,0.937874436378479,29395900
Three speed,GPT,0.5833487510681152,87149324
Thymol,HF,1.0000001192092896,29071940
"Tin plates, sheets and strip, of a thickness exceeding 0.20 mm",HF,0.9883649945259094,80070020
To be installed in tractors suitable for agricultural use,HF,0.7668628692626953,87087005
"Tomato juice, unfermented and not containing added spirit",HF,0.7428314089775085,20091100
"Tomatoes, fresh or chilled, if entered from March 1 to July 14, inclusive, or from September 1 to November 14, inclusive, in any year",HF,0.9075961112976074,7020020
"Tools for working in the hand, with self-contained nonelectric, nonpneumatic motor, suitable for metal working, nesi",HF,0.9240236282348632,84678910
Torque converters,HF,0.9999998807907104,84834010
Towels,GPT,0.6403864026069641,58022000
Toy jewelry valued not over 8 cents per piece,HF,0.8291957974433899,71179060
"Track suits, knitted or crocheted, of synthetic fibers",HF,1.0,61121200
"Transfers (decalcomanias), vitrifiable",HF,1.0,49081000
Transmission apparatus for television,HF,0.8964236378669739,85255030
"Transporter cranes, gantry cranes and bridge cranes",HF,1.0,84261900
"Travel, sports and similar bags with outer surface of cotton, not of pile or tufted construction",HF,1.0,42029215
True hemp yarn,HF,1.0,53082000
"Trunks, suitcases, occupational luggage and similar containers, with outer surface of textile materials nesi",HF,0.9416834115982056,42021289
"Tubular or bifurcated rivets of iron or steel and not brightened, not lathed and not machined",HF,0.917704701423645,83082030
"Tunas and skipjack, not in oil, in airtight containers, n/o 7 kg, not of U.S. possessions, over quota",HF,1.0,16041430
Tweezers of base metal,HF,0.973109245300293,82032020
"Unbleached woven fabrics of cotton, nesi, containing 85% or more cotton by weight, weighing more than 200g/m2",HF,0.9541751146316528,52091900
"Uncoated bibulous paper, weighing 150 g/m2 or less, in rolls or sheets, nesi",HF,0.8446836471557617,48043160
"Uncoated paper and paperboard, weighing not over 15 g/m2, in rolls or sheets, nesi",HF,0.8940746784210205,48045900
"Uncoated, unbleached kraft wrapping paper in rolls or sheets, weighing 150 g/m2 or less",HF,1.0,48043140
"Undenatured ethyl alcohol of an alcoholic strength by volume of less than 80 percent vol., nesi",HF,0.975658655166626,22089080
Universal AC/DC motors of an output of 746 W or more,HF,1.0000001192092896,85012060
"Unwrought gold bullion and dore, nonmonetary",HF,0.8678077459335327,71081250
"Unwrought titanium nesi, and titanium powders",HF,0.8562074899673462,81082000
"Uranium depleted in U235, thorium; alloys, dispersions, ceramic products and mixtures of these products and their compounds",HF,1.0,28443050
Valued not over $31.50 per dozen pieces,HF,0.6143761277198792,82159915
Valued not over $40 each incorporating a digital clock or clock-timer,HF,0.6997280716896057,91070040
Vanilla beans,HF,0.7467809915542603,9052000
"Vat blue 1 (synthetic indigo) dye, ""Colour Index No. 73000"" and preparations based thereon",HF,0.994909942150116,32041510
"Vegetable seeds, nesi, of a kind used for sowing",HF,0.9356498122215272,12099180
"Vegetables nesi, uncooked or cooked by steaming or boiling in water, frozen, not reduced in size",HF,0.9411118626594543,7108070
"Vermiculite, perlite and chlorites, unexpanded",HF,1.0,25301000
Vulcanized sheets and slabs wholly of ground or pulverized cork and rubber,HF,0.9602279067039491,45041010
"Wadding, gauze, bandages, and similar articles, not having an adhesive layer, packed for retail for medical, surgical, like purposes",HF,1.0,30059050
"Wall clocks nesi, not battery or AC powered, movement measuring over 50 mm wide, valued over $5 each",HF,0.898095965385437,91052950
"Wall clocks nesi, not battery/AC powered,movement n/o 50 mm wide, over 1 jewel, constructed or designed to operate over 47 hrs w/o rewinding",HF,0.8762882947921753,91052920
"Wall or ceiling coverings of polymers of vinyl chloride, without a backing of textile fibers",HF,1.0,39181050
"Wall or ceiling coverings, with a backing of manmade fibers, greater than 70% by weight of PVC",HF,1.0,39181031
"Walnuts, shelled, fresh or dried",HF,0.9934892654418944,8023200
"Watch cases, not of precious metal, of metal clad with precious metal or of base metal",HF,1.0000001192092896,91118000
"Watch movements, complete and assembled, nesi, measuring over 33.8 mm, 8-17 jewels, valued over $15 each",HF,0.9625525474548341,91089085
"Waterproof footwear covering the knee, nesi, with outer soles and uppers of rubber or plastics",HF,0.895890474319458,64019910
Wet blues,GPT,0.57799232006073,81122100
Wheat or meslin flour,HF,1.0000001192092896,11010000
Wheat starch,HF,1.000000238418579,11081100
"White portland cement, whether or not artificially colored",HF,0.991287887096405,25232100
"Whole bovine skin lining leather, w/o hair on, unit surface n/o 2.6 sq m not incl. chamois, patent, patent laminated or metallized leather",HF,0.8334647417068481,41071930
Wholly of polyester measuring not less than 75 decitex but not more than 80 decitex and having 24 filaments per yarn,HF,0.7434043884277344,54023130
Wickerwork,GPT,0.6469501852989197,46021214
Windshield wipers of a kind used for cycles or motor vehicles,HF,1.0000001192092896,85124040
"Wire, not cold formed, of nickel, not alloyed",HF,0.9485163688659668,75052250
"With straps, bands or bracelets entered with watches of subheading 9101.29.90 and classifiable therewith pursuant to additional US note 2 to this chapter; of textile material or base metal, gold or si",HF,0.8314079046249391,91012970
"Witloof chicory, fresh or chilled",HF,1.0000001192092896,7052100
"Women's or girls' bib and brace overalls, knitted or crocheted, of artificial fibers",HF,1.0,61046910
"Women's or girls' blouses & shirts, not knitted or crocheted, of wool or fine animal hair, containing 30% or more of silk/silk waste, nesi",HF,0.9641892910003662,62062020
"Women's or girls' blouses and shirts, not knitted or crocheted, of manmade fibers, certified hand-loomed and folklore products",HF,1.0,62064010
"Women's or girls' blouses and shirts, not knitted or crocheted, of wool or fine animal hair, certified hand-loomed and folklore products",HF,1.0,62062010
"Women's or girls' dresses, knitted or crocheted, of cotton",HF,1.0,61044200
"Women's or girls' dresses, knitted or crocheted, of synthetic fibers, containing 23 percent or more of wool or fine animal hair",HF,1.0000001192092896,61044310
"Women's or girls' dresses, not knitted or crocheted, of cotton, certified hand-loomed and folklore products",HF,1.0000001192092896,62044210
"Women's or girls' ensembles, knitted or crocheted, of cotton",HF,1.0,61042200
"Women's or girls' nightdresses and pajamas, not knitted or crocheted, of man-made fibers",HF,1.0,62082200
"Women's or girls' overcoats, carcoats, etc, not knitted or crocheted, of cotton, not containing 15% or more by weight of down, etc",HF,1.0,62023020
"Women's or girls' skirts and divided skirts, not knitted or crocheted, of artificial fibers, certified hand-loomed and folklore products",HF,1.000000238418579,62045910
"Women's or girls' skirts and divided skirts, not knitted or crocheted, of cotton, certified hand-loomed and folklore products",HF,1.0,62045210
"Women's or girls' slips and petticoats, knitted or crocheted, of man-made fibers",HF,1.0,61081100
"Women's or girls' suit-type jackets and blazers, knitted or crocheted, of wool or fine animal hair",HF,1.0,61043100
"Women's or girls' suits, not knitted or crocheted, of artificial fibers, containing 36 percent or more of wool or fine animal hair",HF,1.0000001192092896,62041910
"Women's or girls' trousers, breeches & shorts, not knit or crocheted, of artificial fibers, cont. 36% or more of wool or fine animal hair",HF,0.9236723184585572,62046922
"Women's or girls' trousers, breeches and shorts, not knitted or crocheted, of cotton, nesi",HF,0.9455301761627196,62046280
"Women's or girls' trousers, breeches and shorts, not knitted or crocheted, of synthetic fibers, nesi, water resistant",HF,0.9528543949127196,62046375
Wooden cigar and cigarette boxes,HF,1.0000001192092896,44209020
"Wooden pickets, palings, posts and rails, which are sawn; assembled wooden fence sections",HF,0.8968982100486755,44219970
"Wool, excl. unimproved, finer than 46s, degreased, not further processed, shorn, not carded or combed, not for special uses",HF,0.9999999403953552,51012140
Work holders for machine tools used in cutting gears,HF,1.0000001192092896,84662010
Woven fabrics obtained from strip or the like of synthetic textile materials,HF,1.0,54072000
"Woven fabrics of acrylic or modacrylic staple fibers, nesi",HF,0.9558280110359192,55152900
"Woven fabrics of artificial filament yarn, containing 36 percent or more of wool or fine animal hair, printed",HF,0.8903419375419617,54083405
"Woven fabrics of artificial staple fibers, containing 85% or more by weight of such fibers, unbleached or bleached",HF,1.0,55161100
"Woven fabrics of artificial staple fibers, less than 85% by weight of such fibers, mixed with man-made filaments, unbleached or bleached",HF,0.994644820690155,55162100
"Woven fabrics of artificial staple fibers, less than 85% of such fibers, containing 36% or more of wool or fine animal hair, dyed",HF,0.9931573271751404,55163205
"Woven fabrics of flax, less than 85 percent flax, containing less than 17 percent wool and containing cotton and manmade fibers, nesi",HF,0.9551267623901368,53092930
"Woven fabrics of polyester staple fibers, mixed mainly or solely with wool or fine animal hair, nesi",HF,0.9791371822357178,55151310
"Woven fabrics of synthetic filament yarn nesi, containing 36 percent or more by weight of wool or fine animal hair, unbleached or bleached",HF,0.9463165402412416,54079105
"Woven fabrics of synthetic staple fibers, nesi, under 85% by weight of such fibers, mixed mainly with cotton, over 170g/m2, of colored yarns",HF,0.9300499558448792,55143039
"Woven fabrics, containing 85 percent or more by weight of textured polyester filaments, unbleached or bleached",HF,1.0,54075100
"Wrist watches nesi, battery powered, mechanical display only, 2 or more jewel, case nesi, with band of material nesi",HF,0.9056671857833862,91021195
"Wrist watches nesi, not battery powered, not automatic winding, 8-17 jewels, movement n/o $15 & n/o 15.2 mm, band of materials, nesi",HF,0.9489450454711914,91022930
Xylenols and their salts,HF,0.6564161777496338,29024400
"Yarn of combed wool, containing less than 85 percent by weight of wool, not put up for retail sale",HF,0.9372802376747132,51072060
"o-, m-, p-Phenylenediamine, and diaminotolunes, and their derivatives, and salts thereof, nesi",HF,0.9283832311630248,29215150
p-Nitrophenols,HF,0.9618747234344482,29089920
